name,team,pos,targets,receptions,yards,rec_touchdowns,avg_cushion,avg_separation,avg_intended_air_yards,avg_yac,avg_expected_yac,avg_yac_above_expectation,catch_percentage,percent_share_of_intended_air_yards,catch_pct,ypr,ypt,td_rate,yac_oe,name_last,receiving_broken_tackles,receiving_drop,receiving_drop_pct,receiving_int,receiving_epa,air_yards_total,s_sep,s_yac_oe,s_ypt,s_catch,s_air,s_cushion,s_drop,s_btk,composite,rank
Luther Burden,CHI,WR,60,47,652.0,2,7.425192307692305,4.630454576457557,7.264833333333334,7.4178723404255305,6.491090834601449,0.9267815058240814,78.33333333333333,9.733446174527218,78.33333333333333,13.872340425531915,10.866666666666667,3.3333333333333335,0.9267815058240814,BURDEN,,,,,,,94.33729342314051,37.81174030122925,81.43299908842299,87.85953177257522,22.44270882048978,88.95374227369489,50.0,50.0,67.55757706495498,1
Pat Freiermuth,PIT,TE,75,55,756.0,6,5.102022222222222,3.2944472225362618,8.206081481481482,10.099986991869919,5.779220921983944,4.320766069885975,67.85185185185185,21.86086472134387,73.33333333333333,13.745454545454546,10.08,8.0,4.320766069885975,FREIERMUTH,,,,,,,48.95240038389013,100.0,72.03172288058342,75.71906354515048,28.43612716385272,23.35773475348249,50.0,50.0,61.129996274076774,2
Dalton Kincaid,BUF,TE,78,64,924.0,8,5.563994152046784,3.5791180450057687,7.673725623582766,8.09391452991453,6.4807627793494405,1.6131517505650912,84.93197278911565,28.815318333093156,82.05128205128204,14.4375,11.846153846153847,10.256410256410255,1.6131517505650912,KINCAID,,,,,,,58.62282232524654,50.38815902788919,93.13862982960524,96.88705942886541,25.046339497120773,36.40177073364072,50.0,50.0,60.94977734517092,3
Sam LaPorta,DET,TE,83,67,865.0,6,7.102789170506912,3.5984507776881993,5.489525510204082,8.534180555555555,6.846644246276113,1.6875363092794418,81.66099773242631,21.68420534613161,80.72289156626506,12.91044776119403,10.421686746987952,7.228915662650602,1.6875363092794418,LAPORTA,,,,,,,59.27956571993913,51.75111344550455,76.11514425981044,93.661602933473,11.138397100788143,79.85050926306758,50.0,50.0,60.451865350024704,4
Marvin Mims,DEN,WR,51,37,322.0,1,7.816410256410257,4.528699894119983,8.966862745098041,6.515135135135135,6.0426059766027445,0.4725291585323905,72.54901960784314,10.444706844296649,72.54901960784314,8.702702702702704,6.313725490196078,1.9607843137254901,0.4725291585323905,MIMS,,,,,,,90.8806317808381,29.488436995352252,27.021824226500087,73.81467637222111,33.28041863960991,100.0,50.0,50.0,57.27888107727254,5
Khalil Shakir,BUF,WR,174,135,1297.0,6,6.984719973544974,3.8624401684512506,3.750663237956001,7.457142195767196,5.164973167602571,2.292169028164625,80.48576301865775,9.497295841405492,77.58620689655173,9.607407407407408,7.454022988505747,3.4482758620689653,2.292169028164625,SHAKIR,,,,,,,68.24742823065985,62.82984872985274,40.64926287995473,86.04543881905201,0.06615323016002352,76.51675940968411,50.0,50.0,56.73505953637936,6
Zay Flowers,BAL,WR,233,170,2409.0,10,6.695162825736355,3.6420441071163867,10.081534931640864,5.643735049833887,5.268071713408935,0.3756633364249514,73.97286135820532,38.04630600381323,72.96137339055794,14.170588235294117,10.339055793991417,4.291845493562231,0.3756633364249514,FLOWERS,,,,,,,60.760454719177105,27.713556530385436,75.12764034569506,74.8159099717226,40.37811837246581,68.34095129129484,50.0,50.0,55.856042502416706,7
Jameson Williams,DET,WR,188,123,2021.0,13,6.115914068405139,3.2131632655332876,11.383925711951447,6.602933608058609,4.790235073367003,1.8126985346916051,67.69140989729225,36.277461949626854,65.42553191489363,16.43089430894309,10.75,6.914893617021277,1.8126985346916051,WILLIAMS,,,,,,,46.191140362708886,54.044471247076956,80.03874202370102,56.518181171280155,48.67112039143141,51.98553845277093,50.0,50.0,55.269185675456185,8
DJ Moore,CHI,WR,68,46,635.0,6,6.822200396825397,3.5470044981923894,11.115186507936507,5.013861111111113,4.184648848172764,0.829212262938348,67.5,23.88451721914521,67.64705882352942,13.804347826086957,9.338235294117647,8.823529411764707,0.829212262938348,MOORE,,,,,,,57.531907755833146,36.023970999200166,63.167059895972976,61.91225654141256,46.95991758259424,71.92792820728769,50.0,50.0,54.11521283576134,9
Jaxon Smith-Njigba,SEA,WR,322,236,3563.0,20,6.294779178338002,2.981081229836621,11.69209805496841,4.650496979183831,3.8738790492675483,0.7766179299162824,75.27522980247628,52.12194765396456,73.29192546583852,15.097457627118644,11.065217391304348,6.211180124223603,0.7766179299162824,SMITH-NJIGBA,,,,,,,38.30718797613751,35.060280688026374,83.80583409298087,75.61852136521324,50.63341458259543,57.03589493318575,50.0,50.0,53.76592782293425,10
George Kittle,SF,TE,128,106,1199.0,13,4.9785767944494355,3.7187377436702524,7.439763265853846,4.940096398403416,4.127097373636254,0.8129990247671609,83.38068399662603,21.505394415675152,82.8125,11.31132075471698,9.3671875,10.15625,0.8129990247671609,KITTLE,,,,,,,63.36577906980444,35.72689449607632,63.51306118960803,98.73536789297657,23.556579024042797,19.87218401435913,50.0,50.0,53.67930203273188,11
Oronde Gadsden II,LAC,TE,56,41,570.0,3,6.020900793650793,3.250299665738143,9.313826719576719,4.7885291005291,3.6794684863096623,1.109060614219439,72.9673721340388,22.32399475435353,73.21428571428571,13.902439024390244,10.178571428571429,5.357142857142857,1.109060614219439,II,,,,,,,47.45268398087332,41.151655470726816,73.20972782914443,75.43000477783083,35.48971939968887,49.302785466114344,50.0,50.0,53.12744303327066,12
Puka Nacua,LAR,WR,329,256,3402.0,20,6.0377220350404315,2.8960268135098843,8.613906380255871,5.709402043168394,4.299959055980203,1.4094429871881913,78.17763478155044,31.449053453542973,77.81155015197568,13.2890625,10.340425531914894,6.079027355623101,1.4094429871881913,NACUA,,,,,,,35.41784341064928,46.655586518886146,75.144009775209,86.5925933455998,31.032961201724145,49.777742630721065,50.0,50.0,52.804085255581775,13
Kendrick Bourne,SF,WR,84,59,900.0,0,6.228391176470589,2.5417989443277125,9.710500057175528,5.804405405405406,3.5531060203195914,2.2512993850858147,68.58852677720601,22.954955155367696,70.23809523809523,15.254237288135593,10.714285714285714,0.0,2.2512993850858147,BOURNE,,,,,,,23.38453093885167,62.080990881619236,79.61192863654122,68.2035355948399,38.01554562581761,55.16139254656193,50.0,50.0,52.341890054355915,14
Stefon Diggs,NE,WR,180,150,1822.0,7,5.587989121703039,2.997704183525205,8.689325028358452,4.107842458195399,3.2604525566559035,0.8473899015394957,82.94667453758363,27.675185269787505,83.33333333333334,12.146666666666667,10.122222222222222,3.888888888888889,0.8473899015394957,DIGGS,,,,,,,38.87187871151294,36.35704137377066,72.53631115162564,100.0,31.513191106939846,37.079282130616406,50.0,50.0,52.09418911769871,15
Ryan Flournoy,DAL,WR,96,67,842.0,5,6.71306394129979,3.361132308662947,8.254692816442816,6.790773148148148,5.598146446754442,1.1926267013937053,68.12576312576313,23.50840978776227,69.79166666666666,12.567164179104477,8.770833333333334,5.208333333333334,1.1926267013937053,FLOURNOY,,,,,,,51.21772885853497,42.68284379321696,56.38616681859618,67.11956521739127,28.745660911383414,68.84639930754788,50.0,50.0,51.516558768449215,16
Oronde Gadsden,LAC,TE,69,49,664.0,3,5.9575862068965515,3.163673433649344,9.020434782608696,4.921428571428571,3.5727520984338623,1.3486764729947085,71.01449275362319,14.055122110944257,71.01449275362319,13.551020408163266,9.623188405797102,4.3478260869565215,1.3486764729947085,GADSDEN,,,,,,,44.50994398307012,45.54215665663282,66.5724703737466,70.08870146866364,33.62153977003592,47.515062675240856,50.0,50.0,51.25053661248046,17
Evan Engram,DEN,TE,122,80,731.0,2,7.156852564102564,4.797149199340989,4.4938559158312446,6.493929166666667,6.398142510783518,0.09578665588314916,65.2623746867168,12.366558801525462,65.57377049180327,9.1375,5.991803278688525,1.639344262295082,0.09578665588314916,ENGRAM,,,,,,,100.0,22.585352979473207,23.174604360625857,56.87811831789021,4.79844899827815,81.37701943769865,50.0,50.0,50.925716026568494,18
Chig Okonkwo,TEN,TE,59,42,411.0,2,6.0329999999999995,3.7520278529478928,4.108540476190475,6.67895,4.733787191638497,1.9451628083615042,71.45238095238095,9.019807105138634,71.1864406779661,9.785714285714286,6.966101694915254,3.389830508474576,1.9451628083615042,OKONKWO,,,,,,,64.49666210304234,56.471625082430265,34.818225360381945,70.506207131115,2.3449444379053435,49.64441332867807,50.0,50.0,49.94874641869378,19
Brenton Strange,JAX,TE,108,83,928.0,5,6.675177777777778,3.7694102958858715,5.961103174603174,5.5725169082125605,5.939396540686102,-0.3668796324735408,76.6137566137566,11.5852003483297,76.85185185185185,11.180722891566266,8.592592592592593,4.62962962962963,-0.3668796324735408,STRANGE,,,,,,,65.08715309935727,14.10788033600379,54.256051858604295,84.26235600148641,14.14117827989641,67.77666227759683,50.0,50.0,49.78735701152055,20
George Pickens,DAL,WR,263,180,2762.0,17,5.311440760969228,2.4390637893114837,11.526151299633051,5.416111119644992,3.1521019837358804,2.2640091359091112,69.06374998345801,35.54028433343818,68.44106463878326,15.344444444444445,10.50190114068441,6.4638783269961975,2.2640091359091112,PICKENS,,,,,,,19.894562108891897,62.313872696485205,77.07376841784196,63.84017701590851,49.5767449579005,29.27078439562305,50.0,50.0,49.752926271507846,21
Colston Loveland,CHI,TE,143,101,1253.0,12,5.571975,3.5848369843397867,8.852487697668185,4.760578735632184,4.027729151505642,0.7328495841265422,70.33690699544358,22.918645739275682,70.62937062937063,12.405940594059405,8.762237762237762,8.391608391608392,0.7328495841265422,LOVELAND,,,,,,,58.81709779028088,34.2583096704268,56.28344308380772,69.15358888603033,32.55213300246121,36.62711444206355,50.0,50.0,49.72412272790493,22
Cole Kmet,CHI,TE,62,38,438.0,2,5.171679536679537,4.305575031243458,7.629902777777779,6.293333333333334,4.932264544522394,1.3610687888109398,65.27777777777777,18.643949249766038,61.29032258064516,11.526315789473685,7.064516129032258,3.225806451612903,1.3610687888109398,KMET,,,,,,,83.3009594037914,45.76922208362659,35.99435410356692,46.477505664041416,24.767296559907326,25.32454801074571,50.0,50.0,49.5085933925977,23
AJ Barner,SEA,TE,103,80,753.0,9,4.274776895943563,4.401554163971144,3.9758509039979626,5.201825396825397,4.4542846282077315,0.7475407686176648,77.34105763517528,10.93903034258129,77.66990291262135,9.4125,7.310679611650485,8.737864077669903,0.7475407686176648,BARNER,,,,,,,86.5614224993431,34.527497458164724,38.936198458284295,86.24866058382307,1.5000406603879888,0.0,50.0,50.0,49.46122220300357,24
Tre Tucker,LV,WR,166,102,1239.0,9,7.527578167761358,3.619580597049184,10.018314009661836,5.022978435672515,4.491016303928855,0.53196213174366,62.9176731078905,30.20797341975171,61.44578313253012,12.147058823529411,7.463855421686747,5.421686746987952,0.53196213174366,TUCKER,,,,,,,59.99735712192676,30.577432275963996,40.76676807503488,46.85497844219687,39.975557757373075,91.84466433276316,50.0,50.0,49.2546477075966,25
Kayshon Boutte,NE,WR,69,51,857.0,10,5.243943478260869,2.3638358014498704,16.6870347826087,1.3480393939393938,1.624027148877417,-0.2759877549380228,77.34782608695653,29.773934218572418,73.91304347826086,16.80392156862745,12.420289855072463,14.492753623188406,-0.2759877549380228,BOUTTE,,,,,,,17.339026637746223,15.773299720799963,100.0,77.12665406427217,82.43878436342885,27.36496084364857,50.0,50.0,49.11332014223832,26
DeMario Douglas,NE,WR,64,39,552.0,5,6.110592334494774,3.6280790120054007,10.753674948240166,3.616088709677418,3.0629613016823467,0.5531274079950714,50.657349896480326,20.41157019432123,60.9375,14.153846153846153,8.625,7.8125,0.5531274079950714,DOUGLAS,,,,,,,60.286052878472574,30.965245382144936,54.643345487693715,45.6208193979933,44.65798475278242,51.83527631751522,50.0,50.0,48.576504727622705,27
Cade Otton,TB,TE,139,101,1034.0,2,5.994450633788869,3.6607226060614155,5.0173667450519295,6.519505694556543,5.369898259369396,1.1496074351871464,71.54125024495394,14.875113985008836,72.66187050359713,10.237623762376238,7.438848920863309,1.4388489208633095,1.1496074351871464,OTTON,,,,,,,61.394973439651025,41.89459822273556,40.467921014145844,74.08868891508867,8.131915749818091,48.555950399639855,50.0,50.0,48.44730715485203,28
Deebo Samuel,WAS,WR,99,72,727.0,5,6.291604938271605,3.5421433779842006,5.321818181818182,6.423749999999999,5.335037472445612,1.088712527554387,72.72727272727273,13.985453387131027,72.72727272727273,10.097222222222221,7.343434343434343,5.05050505050505,1.088712527554387,SAMUEL,,,,,,,57.366772870870086,40.77881579688194,39.3276428827933,74.24749163879598,10.070516988362957,56.946268488454635,50.0,50.0,48.0749503984053,29
Chigoziem Okonkwo,TEN,TE,79,56,560.0,2,5.806842105263158,3.8640859936594985,4.439620253164556,6.403392857142859,5.231296959395588,1.1720958977472709,70.88607594936708,9.037476422630151,70.88607594936708,10.0,7.0886075949367084,2.5316455696202533,1.1720958977472709,OKONKWO,,,,,,,68.30333780392557,42.30665618101966,36.28226578816796,69.7768934422759,4.453102220034275,43.25871860202122,50.0,50.0,48.06127615533336,30
Alec Pierce,IND,WR,154,85,1794.0,10,6.133625457875457,2.1350976739531604,19.444970362970363,3.9301425531914895,3.0153158306062853,0.9148267225852041,55.353812853812855,48.177442445797645,55.1948051948052,21.105882352941176,11.64935064935065,6.493506493506493,0.9148267225852041,PIERCE,,,,,,,9.568668622899423,37.59269181981481,90.78667913672473,31.677018633540378,100.0,52.48562944660502,50.0,50.0,47.8066562732019,31
Colby Parkinson,LAR,TE,92,69,672.0,14,6.0289357359965265,3.587525271867456,5.013433673469387,6.532428571428572,5.795967927997459,0.7364606434311131,73.01020408163265,8.595480760127737,75.0,9.73913043478261,7.304347826086956,15.217391304347828,0.7364606434311131,PARKINSON,,,,,,,58.908420372857925,34.32447540853833,38.86052871467639,79.76588628762539,8.106871829769009,49.529656559983714,50.0,50.0,47.109962287933996,32
Dawson Knox,BUF,TE,66,49,559.0,4,4.77953947368421,3.9970412960652286,5.07588775510204,6.761597222222222,6.7097244627914465,0.05187275943077507,74.79591836734694,15.94419495777276,74.24242424242425,11.408163265306122,8.469696969696969,6.0606060606060606,0.05187275943077507,KNOX,,,,,,,72.81990139990765,21.780715025051634,52.78735394049888,77.92642140468227,8.504549572042894,14.25225387175968,50.0,50.0,46.98008015311757,33
Dalton Schultz,HOU,TE,189,148,1379.0,6,5.452118055555555,3.8125816821434633,6.223125142938822,4.056395107433217,4.07256681547118,-0.016171708037962324,79.92086747982974,18.116198998823307,78.3068783068783,9.317567567567568,7.296296296296297,3.1746031746031744,-0.016171708037962324,SCHULTZ,,,,,,,66.55370846067783,20.533930623373006,38.76430669502685,87.79529649094864,15.809608942391332,33.242886538002615,50.0,50.0,46.80634973891296,34
JuJu Smith-Schuster,KC,WR,56,42,436.0,2,6.322338753387534,3.0743354805510736,5.94,5.996060606060606,4.947327279090923,1.0487333269696824,80.0,11.099280535440643,75.0,10.380952380952381,7.785714285714286,3.571428571428571,1.0487333269696824,SMITH-SCHUSTER,,,,,,,41.475085354627694,40.0462736000679,44.61323088943873,79.76588628762539,14.006803350162212,57.81405495836408,50.0,50.0,46.42020260852277,35
Parker Washington,JAX,WR,173,106,1550.0,9,6.271780619863229,2.461328885220932,11.973090666059088,5.273382471264368,3.3392784378585603,1.934104033405807,63.614642667274246,33.32943342520797,61.27167630057804,14.622641509433961,8.959537572254336,5.202312138728324,1.934104033405807,WASHINGTON,,,,,,,20.65091946979494,56.268994234848535,58.64132868938409,46.4322307498985,52.42264123124668,56.38651776355849,50.0,50.0,46.25719609073139,36
Chris Godwin Jr.,TB,WR,42,27,317.0,2,6.2846957671957675,2.733881492746933,7.890777777777777,6.727007936507937,4.208312405108971,2.5186955313989667,67.22222222222223,22.674358732916502,64.28571428571429,11.74074074074074,7.5476190476190474,4.761904761904762,2.5186955313989667,JR.,,,,,,,29.909679089515596,66.9805125722752,41.76780830837349,53.7505972288581,26.428423876227637,56.751184176426165,50.0,50.0,46.0723076704474,37
D.J. Moore,CHI,WR,85,50,667.0,6,6.812857142857143,3.271765191029652,11.408,4.7307999999999995,4.120880524416065,0.6099194755839346,58.82352941176471,21.65300439678715,58.82352941176471,13.34,7.847058823529411,7.0588235294117645,0.6099194755839346,MOORE,,,,,,,48.18187949505,32.00585113075197,45.34634564856025,40.487900845957114,48.82441395155949,71.66411620256277,50.0,50.0,46.04201634106579,38
Wan'Dale Robinson,NYG,WR,272,180,1954.0,8,7.044912674362675,3.4281039778196596,7.8249204906204906,4.518420923520924,4.124801435862584,0.3936194876583395,66.6014911014911,30.707922362976642,66.17647058823529,10.855555555555556,7.1838235294117645,2.941176470588235,0.3936194876583395,ROBINSON,,,,,,,53.49279271384704,28.042568573609326,37.420169982304685,58.34153059216995,26.009076147715053,78.21633400398288,50.0,50.0,45.87171554971396,39
T.J. Hockenson,MIN,TE,109,85,771.0,4,6.042598214285714,3.7435934805796602,5.082669191919192,6.041732843137255,6.224233963149527,-0.18250112001227242,79.6590909090909,12.161554443830765,77.98165137614679,9.070588235294117,7.073394495412844,3.669724770642202,-0.18250112001227242,HOCKENSON,,,,,,,64.21014190787882,17.48626305972831,36.10045746113253,87.00561504709886,8.54773052054647,49.91542428065448,50.0,50.0,45.84756414028417,40
Brock Bowers,LV,TE,165,123,1266.0,12,6.031350649350649,3.076143587460939,6.542780117815002,4.748762310606061,3.7389867975977498,1.0097755130083108,75.91451184474441,22.81080477642788,74.54545454545455,10.292682926829269,7.672727272727273,7.2727272727272725,1.0097755130083108,BOWERS,,,,,,,41.53650772514602,39.3324463547764,43.26294853733323,78.66220735785951,17.84501904517814,49.59784299003823,50.0,50.0,45.68573062423447,41
Ja'Marr Chase,CIN,WR,370,250,2824.0,16,5.81618489841398,3.041356307437242,8.762966393852365,5.194002250233427,3.7240175059680367,1.4699847442653906,66.85607682107884,36.930352345749334,67.56756756756756,11.296,7.632432432432433,4.324324324324325,1.4699847442653906,CHASE,,,,,,,40.354764991194756,47.764898137920405,42.78139397373673,61.71924432793996,31.982104125945376,43.52251759530807,50.0,50.0,45.59645264180041,42
Jaylen Waddle,MIA,WR,191,125,1779.0,12,6.1116151198574675,2.8570898277336445,11.759690192743763,4.409989583333333,4.015490928212561,0.3944986551207724,67.40022675736961,47.01832434995979,65.44502617801047,14.232,9.31413612565445,6.282722513089005,0.3944986551207724,WADDLE,,,,,,,34.09513292590628,28.058677631691502,62.87905615982666,56.56551506767757,51.06380901068216,51.86415523463044,50.0,50.0,45.59237992001459,43
Chris Godwin,TB,WR,51,33,360.0,2,6.597083333333334,2.817862940990965,7.82,6.502121212121213,4.30395807014725,2.1981631419739625,64.70588235294117,9.140664750615384,64.70588235294117,10.909090909090908,7.0588235294117645,3.9215686274509802,2.1981631419739625,GODWIN,,,,,,,32.76257434839999,61.107371107078436,35.92632312724543,54.77080464292739,25.977744815163472,65.57162193332604,50.0,50.0,45.55975046477192,44
CeeDee Lamb,DAL,WR,233,149,2150.0,6,6.038431465691499,2.800115421478298,12.065283259475567,4.614535409035409,3.930974044109012,0.6835613649263974,65.1449618757311,36.08982822752031,63.94849785407726,14.429530201342281,9.227467811158798,2.575107296137339,0.6835613649263974,LAMB,,,,,,,32.15968150321446,33.355197556080526,61.84330264748573,52.931804154047114,53.00967960321229,49.79777380218523,50.0,50.0,45.521485292446705,45
Juwan Johnson,NO,TE,175,128,1432.0,4,5.915992857142857,3.4508880082779556,7.59425125413802,4.332639718614719,4.494128523932255,-0.1614888053175358,70.28603259485612,18.45650027756986,73.14285714285714,11.1875,8.182857142857143,2.2857142857142856,-0.1614888053175358,JOHNSON,,,,,,,54.266778562291485,17.87127343866318,49.359395754655566,75.25656951743905,24.54028469680644,46.34065116731974,50.0,50.0,45.50406446619513,46
Jalen Nailor,MIN,WR,74,43,683.0,7,5.510259863945578,2.5852800151298534,14.742277987421383,3.725871264367817,2.21254603276487,1.5133252316029473,63.61006289308176,27.040186518069106,58.108108108108105,15.883720930232558,9.22972972972973,9.45945945945946,1.5133252316029473,NAILOR,,,,,,,24.86160645179341,48.55902946973577,61.87033432703443,38.750790924703956,70.05550257680608,34.884553036828486,50.0,50.0,45.32464619384056,47
Malik Washington,MIA,WR,103,72,467.0,4,6.612659090909091,4.053804865810427,4.287634615384615,6.037759057971015,5.219285981088439,0.8184730768825759,69.15865384615384,12.041377142033976,69.90291262135922,6.486111111111111,4.533980582524272,3.8834951456310676,0.8184730768825759,WASHINGTON,,,,,,,74.74819059221673,35.82719600544754,5.752493561434103,67.38968081306619,3.4853303192978093,66.01141216541558,50.0,50.0,45.14647575634499,48
Jordan Addison,MIN,WR,140,74,1046.0,5,7.3532495941558444,2.9348078208805455,13.474770095279194,4.0194801587301585,2.921537109798451,1.0979430489317075,53.060612910296456,40.951449992613576,52.85714285714286,14.135135135135135,7.4714285714285715,3.571428571428571,1.0979430489317075,ADDISON,,,,,,,36.735255224518326,40.947947403031876,40.85727308243261,26.000955566172962,61.98461811762456,86.92239949441351,50.0,50.0,45.11335563922268,49
Troy Franklin,DEN,WR,188,116,1342.0,12,6.84258037121468,2.987008239212942,14.034667735042737,4.332111645299146,3.7806700453937716,0.5514415999053738,63.21759259259259,36.30348521716987,61.702127659574465,11.568965517241379,7.138297872340425,6.382978723404255,0.5514415999053738,FRANKLIN,,,,,,,38.508531693144334,30.93435618117611,36.876103105180476,47.47740695936809,65.54977868783824,72.50336818977638,50.0,50.0,45.098786779564314,50
Mack Hollins,NE,WR,110,76,949.0,2,5.786229679051108,2.972779449770376,13.683541296005583,2.816948388050872,3.044158295362234,-0.22720990731136256,67.41147741147742,31.507063782064964,69.0909090909091,12.486842105263158,8.627272727272727,1.8181818181818181,-0.22720990731136256,HOLLINS,,,,,,,38.02517201324926,16.66706025462026,54.67050633960389,65.41806020066889,63.31397334287649,42.676715212225574,50.0,50.0,44.81606701703972,51
Sterling Shepard,TB,WR,86,64,605.0,2,5.5780808477237045,3.446687518486572,8.394824669490438,4.068719256933543,3.9133665149370493,0.15535274199649368,74.79784366576818,16.54749292310507,74.4186046511628,9.453125,7.034883720930233,2.3255813953488373,0.15535274199649368,SHEPARD,,,,,,,54.124085650209175,23.676787298792192,35.640223866358575,78.35420393559927,29.637953576391517,36.79951646966643,50.0,50.0,44.60895732362277,52
Deebo Samuel Sr.,WAS,WR,88,65,613.0,5,6.254498001998002,3.441488989968896,5.14328638028638,5.910787545787546,5.563428074924918,0.3473594708626273,73.01198801198801,15.004850028882489,73.86363636363636,9.430769230769231,6.965909090909091,5.681818181818182,0.3473594708626273,SR.,,,,,,,53.947488822322164,27.194942462217035,34.81592359327091,77.00668896321068,8.933711804438262,55.8985333759552,50.0,50.0,44.362049138838216,53
Dallas Goedert,PHI,TE,143,102,987.0,16,6.221888909827964,3.5528991871170477,7.043188646042304,4.281309964726632,4.279427878561609,0.0018820861650231053,67.85591102664273,22.096428321961795,71.32867132867133,9.676470588235293,6.9020979020979025,11.188811188811188,0.0018820861650231053,GOEDERT,,,,,,,57.732153529600815,20.864731786799556,34.05333044348542,70.85155647028556,21.03138138560179,54.977797408928375,50.0,50.0,44.27678933707048,54
Ladd McConkey,LAC,WR,203,126,1514.0,12,5.422310514497061,3.197517119298586,10.100849463055663,5.134947639661925,3.7934313163194107,1.341516323342514,61.329525520900184,29.09587190681112,62.06896551724138,12.015873015873016,7.458128078817734,5.911330049261084,1.341516323342514,MCCONKEY,,,,,,,45.65963230532118,45.41096064272997,40.69832188997311,48.36812363049244,40.501104077247994,32.40125393449207,50.0,50.0,44.2539071008062,55
Rashee Rice,KC,WR,156,106,1142.0,10,6.382605523017287,3.576297414822762,4.611614407197741,8.143695634088717,7.752233368231476,0.39146226585724186,67.63643763643763,14.88175333152022,67.94871794871796,10.773584905660377,7.32051282051282,6.41025641025641,0.39146226585724186,RICE,,,,,,,58.52700399102607,28.003041620241582,39.05371292335741,62.64471314638539,5.548278789318141,59.515720927023565,50.0,50.0,44.234443570296634,56
DeVonta Smith,PHI,WR,215,144,1869.0,8,6.303323784206239,2.8952026036012306,12.200607683070546,3.9806473407544836,4.174116029531223,-0.19346868877673987,63.66930776064783,38.27974450027421,66.97674418604652,12.979166666666666,8.693023255813953,3.7209302325581395,-0.19346868877673987,SMITH,,,,,,,35.38984455387926,17.28530339072718,55.45627610184224,60.28466982966477,53.87136085514873,57.27715666184506,50.0,50.0,44.02187752377956,57
Ricky Pearsall,SF,WR,97,67,1036.0,0,6.651617310560588,2.195684045752841,14.462381862522024,2.252920634920635,2.899679848747258,-0.6467592138266234,70.38223007899558,37.29754390811918,69.0721649484536,15.462686567164178,10.68041237113402,0.0,-0.6467592138266234,PEARSALL,,,,,,,11.626820470412943,8.979623633286703,79.20711593944121,65.37254766748265,68.27325782816199,67.11141930015646,50.0,50.0,43.749970672000096,58
Rome Odunze,CHI,WR,177,88,1322.0,12,6.494114884842826,3.0032287816243417,14.283750541125542,5.808200757575757,4.555405185674716,1.252795571901041,47.94853294853294,40.12943493975481,49.717514124293785,15.022727272727273,7.468926553672317,6.779661016949152,1.252795571901041,ODUNZE,,,,,,,39.059552299594806,43.785322980810484,40.827372031580744,18.377642990760158,67.13581894930395,62.66425016413367,50.0,50.0,43.714380944053765,59
Michael Pittman,IND,WR,206,151,1498.0,14,6.581779236858676,2.9475324971468977,7.709341014091015,3.8745555555555553,3.4386820822949913,0.4358734732605635,75.35169785169785,24.30174667199086,73.30097087378641,9.920529801324504,7.271844660194175,6.796116504854369,0.4358734732605635,PITTMAN,,,,,,,37.16751936558944,28.816791844322857,38.472090697489186,75.64048446277233,25.27312128170982,65.13950220446057,50.0,50.0,43.7064256817194,60
Jake Ferguson,DAL,TE,188,154,1121.0,14,6.044438293650793,3.435522122129038,4.0601255835667605,4.193390101204125,3.938541891232358,0.25484820997176727,83.24035169623404,9.808887884698066,81.91489361702128,7.279220779220779,5.962765957446808,7.446808510638298,0.25484820997176727,FERGUSON,,,,,,,53.744791091732246,25.499850982350004,22.827585872495586,96.5558955383192,2.0366615412921467,49.96737995132379,50.0,50.0,43.591288068095054,61
DK Metcalf,PIT,WR,187,110,1607.0,10,4.407517697937801,2.658276694789746,9.78383472083472,7.517618644067796,4.799667080415348,2.7179515636524494,59.480519480519476,40.01711976348989,58.82352941176471,14.60909090909091,8.593582887700535,5.347593582887701,2.7179515636524494,METCALF,,,,,,,27.34134317544308,70.63149732086119,54.267886652464924,40.487900845957114,38.482505714125985,3.7480108324015355,50.0,50.0,43.28046656220137,62
Xavier Worthy,KC,WR,123,72,878.0,1,6.651720238095239,3.689392264317771,12.785519956784084,4.729943452380952,5.711161814957958,-0.9812183625770053,59.70666177429876,30.15223917002775,58.536585365853654,12.194444444444445,7.138211382113822,0.8130081300813009,-0.9812183625770053,WORTHY,,,,,,,62.36889725048748,2.851301005847894,36.87506947995644,39.791173831470736,57.595802658758075,67.1143255167005,50.0,50.0,43.06723090345638,63
Amon-Ra St. Brown,DET,WR,343,234,2802.0,22,6.007842272332418,3.0177813153941946,8.093489475185098,5.658268504371446,5.296782998715494,0.36148550565595183,69.33707803064848,41.72672574214651,68.22157434402332,11.974358974358974,8.169096209912537,6.41399416909621,0.36148550565595183,BROWN,,,,,,,39.553909749541724,27.45377496532948,49.194941943439716,63.307234025956284,27.7191950804479,48.934070808517646,50.0,50.0,42.93936652627496,64
Cooper Kupp,SEA,WR,107,72,837.0,2,6.191582417582417,2.775047945198169,7.58010582010582,4.459946808510639,3.314892284613841,1.1450545238967977,67.64550264550265,19.348583271583717,67.28971962616822,11.625,7.822429906542056,1.8691588785046727,1.1450545238967977,KUPP,,,,,,,31.308125764094903,41.81117485283938,45.05201100707964,61.044603507017136,24.450213333616816,54.12207663941446,50.0,50.0,42.88218671310098,65
Justin Jefferson,MIN,WR,278,166,2085.0,4,5.758798404210169,3.199882038524529,10.09431523260497,5.270337535014006,4.388425870221801,0.8819116647922053,59.68297312477538,40.948557891270575,59.71223021582733,12.560240963855422,7.5,1.4388489208633095,0.8819116647922053,JEFFERSON,,,,,,,45.739969891638246,36.989586495263396,41.19872379216044,42.64574962103893,40.45949722073519,41.902177815239774,50.0,50.0,42.84279891215965,66
Kyle Pitts,ATL,TE,226,169,1808.0,10,5.467747877969155,3.364412000515378,7.6949123800556,4.8177129148629145,5.386361571431539,-0.5686486565686252,73.2997937404717,24.022127987878886,74.77876106194691,10.698224852071005,8.0,4.424778761061947,-0.5686486565686252,PITTS,,,,,,,51.329141766171595,10.41084983019156,47.17411121239745,79.22869742800486,25.1812466362535,33.68420332104592,50.0,50.0,42.755072434801505,67
Hunter Henry,NE,TE,151,106,1332.0,11,5.863466666666667,3.0604969337188073,7.741852418271385,5.9452380952380945,6.126720308619528,-0.18148221338143372,72.74070756829377,19.977869032384763,70.19867549668875,12.566037735849056,8.821192052980132,7.28476821192053,-0.18148221338143372,HENRY,,,,,,,41.004982427456184,17.504932570143396,56.98799253834963,68.10782077122417,25.480138364895037,44.85754478305897,50.0,50.0,42.71081699681198,68
Trey McBride,ARI,TE,338,252,2478.0,22,5.561739153622741,3.028600951111981,6.91426386244335,4.685884700176366,4.037640890571562,0.6482438096048049,73.94572663803433,26.022375929552386,74.55621301775149,9.833333333333334,7.331360946745562,6.508875739644971,0.6482438096048049,MCBRIDE,,,,,,,39.921458631914355,32.70807107073307,39.18335643740595,78.68832993607884,20.210449982489536,36.33809959113302,50.0,50.0,42.70525301459385,69
Chimere Dike,TEN,WR,122,80,712.0,7,6.999090026060175,3.530543425945293,9.485990883740884,4.33402380952381,4.656081460350692,-0.3220576508268823,65.14371514371516,24.270819546649307,65.57377049180327,8.9,5.836065573770492,5.737704918032787,-0.3220576508268823,DIKE,,,,,,,56.97271622065701,14.92915721049847,21.313418114978262,56.87811831789021,36.58597851223148,76.92250588461872,50.0,50.0,42.62481228699938,70
Jake Tonges,SF,TE,83,61,541.0,8,4.850929027113238,3.7964076341950856,5.0919414538762355,5.7784628851540605,5.563994085989134,0.21446879916492687,73.50691176778133,11.879296039180929,73.49397590361446,8.868852459016393,6.518072289156627,9.63855421686747,0.21446879916492687,TONGES,,,,,,,66.00426729630526,24.75997570055619,29.46392681024921,76.10911874924444,8.606771853065583,16.267977865832872,50.0,50.0,42.45362430479962,71
Tyler Warren,IND,TE,216,145,1568.0,6,6.010624358579639,3.2900384471475634,5.484660466269841,6.987687969924811,6.3044470942941615,0.6832408756306495,67.1750992063492,15.8450249624487,67.12962962962963,10.813793103448276,7.2592592592592595,2.7777777777777777,0.6832408756306495,WARREN,,,,,,,48.80263189731491,33.34932520422434,38.32168540463892,60.65589000371608,11.107418826234177,49.0126245706963,50.0,50.0,42.40472791362771,72
Christian Watson,GB,WR,94,58,945.0,10,6.292930117501546,2.061398043662209,16.425234384662957,2.206554421768707,2.0874523559267226,0.11910206584198459,61.67594310451453,36.86159245886996,61.702127659574465,16.29310344827586,10.053191489361701,10.638297872340425,0.11910206584198459,WATSON,,,,,,,7.065052285781437,23.01256316329564,71.71134040613666,47.47740695936809,80.77176455527858,56.983685665645645,50.0,50.0,42.26120814668299,73
Darius Slayton,NYG,WR,100,55,744.0,1,5.855227513227514,2.658014393464051,13.491444444444445,4.869454954954954,3.268301521435275,1.6011534335196798,50.767195767195766,33.19414069657702,55.00000000000001,13.527272727272727,7.44,1.0,1.6011534335196798,SLAYTON,,,,,,,27.332432657416533,50.16831287293931,40.481677301732006,31.204013377926433,62.090792403701265,44.62490767468063,50.0,50.0,41.951276690495526,74
Marquise Brown,KC,WR,120,78,908.0,6,6.265455782312925,2.9314694674880184,11.241492117117117,4.882386783284742,4.792746585933486,0.08964019735125582,65.05469755469755,28.790522696777504,65.0,11.64102564102564,7.566666666666666,5.0,0.08964019735125582,BROWN,,,,,,,36.621849552609135,22.47273091175477,41.99544211485871,55.48494983277591,47.764171334829555,56.2079324356444,50.0,50.0,41.88730998951405,75
Terry McLaurin,WAS,WR,96,58,830.0,4,6.9962873015873015,2.3536242448473024,12.610025396825396,2.3536947368421055,1.8905032699532687,0.46319146688883694,58.06349206349206,39.69700474436558,60.416666666666664,14.310344827586206,8.645833333333334,4.166666666666666,0.46319146688883694,MCLAURIN,,,,,,,16.99213453209161,29.31734169955592,54.89231996353693,44.356187290969885,56.47833717753914,76.84336939058862,50.0,50.0,41.81084671433785,76
Rashid Shaheed,NO,WR,66,44,499.0,2,6.393993827160494,2.8238795975913797,11.436314814814814,3.572728395061729,3.5590167934991275,0.013711601562601908,68.33333333333333,31.301858770513004,66.66666666666666,11.340909090909092,7.5606060606060606,3.0303030303030303,0.013711601562601908,SHAHEED,,,,,,,32.966963430138385,21.081484975203814,41.923013176431596,59.5317725752508,49.004709159400186,59.837276067946064,50.0,50.0,41.762434662790184,77
Jakobi Meyers,LV,WR,41,26,250.0,0,6.3202,3.0293260453324646,8.358890476190474,4.4430000000000005,3.160087328876913,1.2829126711230878,64.0952380952381,32.173228146930114,63.41463414634146,9.615384615384615,6.097560975609756,0.0,1.2829126711230878,MEYERS,,,,,,,39.94609047510252,44.3371610791997,24.438490784178583,51.63553307773879,29.40914180799476,57.75366605951848,50.0,50.0,41.70842928207229,78
Drake London,ATL,WR,218,132,1785.0,14,5.9739718614718615,2.772921544392128,11.164034632034632,3.6053371318224263,2.9887812518847268,0.6165558799376997,60.32828282828282,42.250479289959465,60.550458715596335,13.522727272727273,8.188073394495413,6.422018348623854,0.6165558799376997,LONDON,,,,,,,31.2358907776201,32.12745051626128,49.421734003495786,44.681046914792425,47.27095909017603,47.97772080236983,50.0,50.0,41.441946836658026,79
Xavier Hutchinson,HOU,WR,87,53,692.0,4,5.9440681818181815,2.7157440639303125,10.63672514619883,5.258587301587302,4.309147665251113,0.9494396363361896,60.04873294346979,21.531206578437363,60.91954022988506,13.056603773584905,7.954022988505747,4.597701149425287,0.9494396363361896,HUTCHINSON,,,,,,,29.29354081420351,38.22690709942154,46.624650300191746,45.57721139430284,43.913304308856716,47.13337367182045,50.0,50.0,41.40615760794009,80
Travis Kelce,KC,TE,205,146,1595.0,9,5.529900606909431,3.1167874989085194,6.550564319630987,5.927315204678362,5.739729358534532,0.18758584614382928,71.51573734907068,19.416586621033115,71.21951219512195,10.924657534246576,7.780487804878049,4.390243902439024,0.18758584614382928,KELCE,,,,,,,42.9172033989618,24.26739713032691,44.550770393756814,70.58650787176767,17.89458512192863,35.439120406310934,50.0,50.0,41.293365958321495,81
John Metchie,NYJ,WR,48,33,274.0,2,7.002195121951219,3.8336028948498684,5.2231250000000005,4.565757575757576,5.43295408121705,-0.8671965054594732,68.75,7.679301631059039,68.75,8.303030303030303,5.708333333333333,4.166666666666666,-0.8671965054594732,METCHIE,,,,,,,67.26781043581688,4.9405329183451565,19.786918869644484,64.59030100334446,9.442085976373498,77.01018000486235,50.0,50.0,41.15801418008964,82
Chris Olave,NO,WR,308,197,2269.0,18,6.848119639561827,2.9382209278928464,11.91361610438173,2.8831714285714285,3.37156380856873,-0.48839237999730123,63.24227855477855,42.71850938581506,63.961038961038966,11.51776649746193,7.366883116883117,5.844155844155844,-0.48839237999730123,OLAVE,,,,,,,36.85120031735792,11.881392219429973,39.607873894564875,52.96225513616818,52.043935648003995,72.65977253159727,50.0,50.0,41.089364288530916,83
Quentin Johnston,LAC,WR,155,93,1399.0,15,4.878077022841657,2.3315745961717305,13.71197090964591,4.961413235294117,3.773259062095722,1.1881541731983951,59.57051282051282,35.42708849405323,60.0,15.043010752688172,9.025806451612903,9.67741935483871,1.1881541731983951,JOHNSTON,,,,,,,16.243096030352323,42.60089328941527,59.433293145528864,43.34448160535116,63.49499953477061,17.034516718540136,50.0,50.0,40.503679790257515,84
Michael Mayer,LV,TE,79,55,540.0,2,6.152723809523809,3.069155988438169,4.574605714285714,6.557028571428572,5.884668977598395,0.6723595938301767,66.85714285714286,18.22789726168363,69.62025316455697,9.818181818181818,6.8354430379746836,2.5316455696202533,0.6723595938301767,MAYER,,,,,,,41.29913520371583,33.14994657839657,33.25675317032644,66.70335718216842,5.312625120942568,53.02488209374621,50.0,50.0,40.48600261775368,85
Rashid Shaheed,SEA,WR,109,70,855.0,2,5.701662698412698,2.9509227895790175,13.681913819875776,2.67622245762712,3.2189861451505357,-0.5427636875234157,63.88975155279503,28.965629771990383,64.22018348623854,12.214285714285714,7.844036697247707,1.834862385321101,-0.5427636875234157,SHAHEED,,,,,,,37.28268943478997,10.88514225754179,45.31022889782811,53.59148231106749,63.30361035272457,40.28891918617768,50.0,50.0,40.47841888729098,86
Harold Fannin,CLE,TE,107,72,731.0,6,5.6982417582417595,2.9405754311771437,5.864766355140187,5.136527777777779,3.921353950659201,1.2151738271185781,67.28971962616822,18.085688923729595,67.28971962616822,10.152777777777779,6.831775700934579,5.607476635514018,1.2151738271185781,FANNIN,,,,,,,36.93118406849878,43.09597664151758,33.21292565109603,61.044603507017136,13.527751457175233,40.19232702592968,50.0,50.0,40.36803490191142,87
Romeo Doubs,GB,WR,145,94,1209.0,11,6.0320134350036305,2.3989134876598124,13.149068990559186,3.4199978354978358,3.2270592281796358,0.19293860731819962,64.84386347131446,39.34391035650677,64.82758620689654,12.861702127659575,8.337931034482759,7.586206896551724,0.19293860731819962,DOUBS,,,,,,,18.53063462705104,24.365476215760005,51.21264891710937,55.066312997347445,59.91070914970463,49.616557113876695,50.0,50.0,40.2634388480902,88
Garrett Wilson,NYJ,WR,115,72,790.0,8,6.535721234905446,3.1685906076377415,8.99820269137642,2.6981519274376415,2.8519381713544645,-0.15378624391682297,62.602543407628154,42.05141721798223,62.60869565217392,10.972222222222221,6.869565217391305,6.956521739130435,-0.15378624391682297,WILSON,,,,,,,44.67698304529068,18.012408107867447,33.66453965360074,49.67863894139887,33.4799764387667,63.83902874305289,50.0,50.0,40.03419368312296,89
Harold Fannin Jr.,CLE,TE,97,63,663.0,4,5.752625763125764,2.9834198048206813,5.901034382284381,5.168649267399268,3.9983678722866025,1.1702813951126656,65.33189033189034,22.400474578878974,64.94845360824742,10.523809523809524,6.835051546391752,4.123711340206185,1.1702813951126656,JR.,,,,,,,38.386630634296786,42.27340889926718,33.25207454256689,55.359790366513785,13.758688919938116,41.72788983971675,50.0,50.0,39.952956349616365,90
Travis Hunter,JAX,WR,85,52,511.0,2,6.834842338217339,3.372285453663826,6.965337301587302,5.052807539682541,4.958659636803676,0.09414790287886476,60.25132275132275,16.630536267127585,61.1764705882353,9.826923076923077,6.011764705882353,2.3529411764705883,0.09414790287886476,HUNTER,,,,,,,51.596607231794245,22.55532597272377,23.413158882513812,46.201062364745226,20.535661232706854,72.2848804975235,50.0,50.0,39.76568076895153,91
A.J. Brown,PHI,WR,236,151,1944.0,13,5.760108410066555,2.1743481925781287,11.617045572725642,3.5317826617826618,2.363925306179044,1.1678573556036178,63.4284984634635,41.62515568671085,63.983050847457626,12.874172185430464,8.23728813559322,5.508474576271186,1.1678573556036178,BROWN,,,,,,,10.902029988239807,42.22899302298272,50.009888293187885,53.01570205770647,50.155516246568176,41.939166563736684,50.0,50.0,39.76387480278542,92
Marvin Harrison Jr.,ARI,WR,67,38,562.0,4,5.177689273689274,2.536936252411326,13.313415343915345,3.3237460317460314,2.439255419739644,0.8844906120063869,58.5978835978836,40.45737536575248,56.71641791044776,14.789473684210526,8.388059701492537,5.970149253731343,0.8844906120063869,JR.,,,,,,,23.219342662110318,37.03684075823299,51.81172532959633,35.37163679928118,60.95718817949878,25.49423629855155,50.0,50.0,39.28021602732621,93
Calvin Austin III,PIT,WR,42,25,293.0,3,5.889176870748299,2.9108070225514746,9.325013605442177,4.372595238095238,3.5551699064158035,0.8174253316794344,61.156462585034014,37.26691614288823,59.523809523809526,11.72,6.976190476190476,7.142857142857142,0.8174253316794344,III,,,,,,,35.919935112825534,35.807998083488485,34.93879411381691,42.18824653607262,35.56095214217347,45.58348678396232,50.0,50.0,39.275890703545855,94
Pat Bryant,DEN,WR,75,48,575.0,1,6.571895238095239,2.4930443270408813,8.120431972789117,4.974129032258064,4.270101889967895,0.7040271422901693,66.39115646258503,30.724809557555837,64.0,11.979166666666666,7.666666666666667,1.3333333333333335,0.7040271422901693,BRYANT,,,,,,,21.728310197073643,33.73019368632582,43.19051959890612,53.056856187290954,27.890752028181222,64.86042196781703,50.0,50.0,39.20554131132207,95
Nico Collins,HOU,WR,229,133,2037.0,10,4.848316851951467,2.2602355332579935,12.690248640248639,4.340071643536432,2.970455306641884,1.3696163368945484,58.203185703185696,39.58212708529568,58.07860262008734,15.31578947368421,8.895196506550219,4.366812227074235,1.3696163368945484,COLLINS,,,,,,,13.819669444894291,45.92583951366434,57.872403100158046,38.679148836733795,56.9891604494286,16.194221638242272,50.0,50.0,39.01058198013767,96
Jakobi Meyers,JAX,WR,168,114,1277.0,6,6.598834656084656,2.5962374724078336,9.579010261343594,3.1860111111111107,3.4405565399756846,-0.25454542886457393,69.95670995670996,24.52662738867583,67.85714285714286,11.201754385964913,7.601190476190476,3.571428571428571,-0.25454542886457393,MEYERS,,,,,,,25.23383720717336,16.16618923376978,42.40802838911317,62.422360248447205,37.17828145073833,65.62107151133351,50.0,50.0,38.904983204302326,97
Tetairoa McMillan,CAR,WR,234,136,1953.0,13,5.851203944203944,2.6042695499289468,12.435007802064359,3.2729087301587305,3.395240239672306,-0.1223315095135757,58.433602220487465,47.2920746271579,58.119658119658126,14.360294117647058,8.346153846153847,5.555555555555555,-0.1223315095135757,MCMILLAN,,,,,,,25.50669122860426,18.5887558062447,51.31091788794616,38.77883543435384,55.36390878273612,44.51129995151869,50.0,50.0,37.79262927947001,98
David Njoku,CLE,TE,86,58,542.0,6,6.010054112554113,2.6454723431438616,5.994625,5.339060606060606,4.256397762183315,1.082662843877291,66.6921768707483,14.941245805873049,67.44186046511628,9.344827586206897,6.3023255813953485,6.976744186046512,1.082662843877291,NJOKU,,,,,,,26.90637241859824,40.66796694282693,26.885586483220624,61.414015711285664,14.35462924246311,48.99652335502866,50.0,50.0,37.611480789399295,99
Emeka Egbuka,TB,WR,245,122,1804.0,12,6.345017375661375,2.5685198065876618,12.16508120122805,5.338259259259259,4.438051581745825,0.9002076775134341,52.24379805088467,38.823119830922764,49.795918367346935,14.78688524590164,7.363265306122449,4.8979591836734695,0.9002076775134341,EGBUKA,,,,,,,24.292253094740175,37.3248258486204,39.56463825274869,18.56801583509657,53.645145198449825,58.45439855030644,50.0,50.0,37.452168533938874,100
Michael Wilson,ARI,WR,229,143,1822.0,12,5.591538414094866,2.2885235454013806,10.949810966810967,3.8461395422759055,3.1412093144521434,0.7049302278237621,60.78266430539157,39.206091686454464,62.44541484716157,12.741258741258742,7.956331877729258,5.240174672489083,0.7049302278237621,WILSON,,,,,,,14.780628530675093,33.74674099720282,46.65224331543352,49.282177856318725,45.906885176978946,37.17949838765321,50.0,50.0,37.29571966359164,101
Mason Taylor,NYJ,TE,116,78,656.0,2,6.142585091991342,3.3576196555104794,5.634071085164836,3.6799678030303022,4.02894337710537,-0.3489755740750672,65.72344322344323,17.17316161492251,67.24137931034483,8.41025641025641,5.655172413793103,1.7241379310344827,-0.3489755740750672,TAYLOR,,,,,,,51.09840212942617,14.435937877907781,19.15160468990664,60.92722869334561,12.058794237426513,52.73860973010631,50.0,50.0,37.05836592226924,102
Brian Thomas,JAX,WR,91,48,707.0,2,5.523258426966292,2.6550007311032955,14.173846153846151,3.740625,3.48875235033251,0.2518726496674901,52.74725274725275,26.438647628183837,52.74725274725275,14.729166666666666,7.769230769230769,2.197802197802198,0.2518726496674901,THOMAS,,,,,,,27.230056915622992,25.44532954494833,44.41624009536499,25.734132088647144,66.43600033926755,35.251574738335194,50.0,50.0,37.04237103835021,103
Keenan Allen,LAC,WR,238,158,1515.0,8,6.038422196183054,2.5934993713956214,8.552147044781266,3.459767917267917,2.9058173858139162,0.5539505314540006,66.63113639548065,24.983521267554103,66.38655462184873,9.58860759493671,6.3655462184873945,3.361344537815126,0.5539505314540006,ALLEN,,,,,,,25.14082243356064,30.98032754131857,27.64112208237899,58.851634299204605,30.639707270934853,49.79751207242665,50.0,50.0,36.95209235696175,104
Marvin Harrison,ARI,WR,73,41,608.0,4,4.941944444444444,2.419982614294804,13.550410958904111,3.0292682926829264,2.3919797668604503,0.6372885258224761,56.16438356164384,21.984611349907325,56.16438356164384,14.829268292682928,8.32876712328767,5.47945205479452,0.6372885258224761,HARRISON,,,,,,,19.24636426428165,32.507336500475084,51.10313307775877,34.03124570486095,62.466262985079894,18.837849110755105,50.0,50.0,36.928706838891614,105
Brian Thomas Jr.,JAX,WR,85,44,661.0,2,5.4799404761904755,2.5631312211420814,14.703849206349206,4.283861111111111,3.9125379053295917,0.37132320578151995,52.18253968253968,34.76769617341741,51.76470588235295,15.022727272727273,7.776470588235294,2.3529411764705883,0.37132320578151995,JR.,,,,,,,24.109199930127932,27.63403195787021,44.50276154217384,23.348416289592777,69.8108064657495,34.02846815538534,50.0,50.0,36.692216185023696,106
Gunnar Helm,TEN,TE,84,68,530.0,2,4.689086257309942,3.276868345197332,5.39203896103896,3.1058712121212135,4.011054307062366,-0.9051830949411532,81.90476190476191,12.654538611177024,80.95238095238095,7.794117647058823,6.309523809523809,2.380952380952381,-0.9051830949411532,HELM,,,,,,,48.35523640463824,4.244501499472084,26.971610886834224,94.21882465360724,10.517649348830354,11.69825668549112,50.0,50.0,36.68397658664179,107
Calvin Austin,PIT,WR,55,31,372.0,3,5.521702127659574,2.82084959407632,10.246181818181817,4.643225806451613,3.9702717132507375,0.6729540932008757,56.36363636363636,18.312747172043117,56.36363636363636,12.0,6.763636363636364,5.454545454545454,0.6729540932008757,AUSTIN,,,,,,,32.86403257048712,33.16083963950453,32.39860777326594,34.51505016722407,41.426511053942654,35.207631756430565,50.0,50.0,36.50504763425571,108
Courtland Sutton,DEN,WR,235,142,1982.0,14,5.360247732426304,2.278838123262713,12.984993919610856,3.423386054421769,3.2509372851352802,0.17244876928648858,61.524577572964674,38.879818626482795,60.42553191489362,13.95774647887324,8.434042553191489,5.957446808510639,0.17244876928648858,SUTTON,,,,,,,14.451609497573784,23.990039219907317,52.361256036773405,44.3777129438554,58.8659575166257,30.648876549426458,50.0,50.0,36.45935811288345,109
Josh Downs,IND,WR,161,104,969.0,7,7.581617251179751,2.581096052001991,7.257251473063974,2.6684923371647513,2.8240560881503307,-0.15556375098557967,62.542688792688786,19.736307643301103,64.59627329192547,9.317307692307692,6.0186335403726705,4.3478260869565215,-0.15556375098557967,DOWNS,,,,,,,24.719474959417376,17.9798386989259,23.49524677692408,54.50466357838759,22.39443115800025,93.37048809593419,50.0,50.0,35.993630902082245,110
Zach Ertz,WAS,TE,130,90,892.0,8,6.046397146063812,2.6101294710636753,8.610329873829874,2.9100222222222225,3.4388254577344264,-0.5288032355122034,68.98792565459232,22.020415220980883,69.23076923076923,9.911111111111111,6.861538461538461,6.153846153846154,-0.5288032355122034,ERTZ,,,,,,,25.705755921727025,11.140940773651268,33.568613701703946,65.75765371751991,31.010187718173714,50.02268924547278,50.0,50.0,35.347256592025545,111
Jayden Higgins,HOU,WR,114,68,816.0,10,5.570148143212509,2.5914029378397117,11.671073295985058,2.2344502032520337,2.3308438161955,-0.09639361294346624,60.41374883286648,25.958902358558046,59.64912280701754,12.0,7.157894736842105,8.771929824561402,-0.09639361294346624,HIGGINS,,,,,,,25.06960545079509,19.064018029008427,37.11030082041933,42.49251892272486,50.49953896604996,36.575532118272406,50.0,50.0,35.01340549348036,112
Theo Johnson,NYG,TE,125,77,886.0,10,5.767628567091681,2.8693023063759195,8.689108358358359,4.781821869488536,5.423280705245942,-0.6414588357574053,62.70913770913771,21.773101971278383,61.6,11.506493506493506,7.088,8.0,-0.6414588357574053,JOHNSON,,,,,,,34.509997436417365,9.076742898754347,36.27500455788515,47.22943143812709,31.51181145593542,42.15150240598027,50.0,50.0,34.33039126649886,113
Keon Coleman,BUF,WR,91,56,596.0,7,5.5605384107418,2.4798440480308477,13.79994029275809,2.02944298245614,2.3854805356494095,-0.35603755319326946,56.35538190622937,30.79503890089685,61.53846153846154,10.642857142857142,6.549450549450549,7.6923076923076925,-0.35603755319326946,COLEMAN,,,,,,,21.279889573339617,14.3065406508136,29.838921333907663,47.08001029071263,64.05514652197708,36.30419594389656,50.0,50.0,34.16284288886939,114
Jauan Jennings,SF,WR,169,105,1213.0,17,5.586104988149106,2.2252874554156787,10.017641025641025,3.192712121212122,2.676354597059957,0.5163575241521651,63.601953601953596,29.43499422261399,62.1301775147929,11.552380952380952,7.177514792899408,10.059171597633137,0.5163575241521651,JENNINGS,,,,,,,12.632464321999217,30.291507761258508,37.34477569271763,48.516752092774716,39.971272516777326,37.02608256526997,50.0,50.0,34.099721530734044,115
Olamide Zaccheaus,CHI,WR,109,67,556.0,3,5.988685889929743,3.065507352074851,6.950696428571429,4.683093635531135,4.591644071911957,0.09144956361917728,61.101190476190474,14.888108599281033,61.46788990825688,8.298507462686567,5.10091743119266,2.7522935779816518,0.09144956361917728,ZACCHEAUS,,,,,,,41.175189051322064,22.505884079435955,12.527828188637901,46.90865576386118,20.442435150861357,48.39317963055136,50.0,50.0,34.00259808871721,116
Tee Higgins,CIN,WR,185,110,1547.0,20,5.459162972694545,1.8534221914005473,13.087579618463549,3.1174483454398705,2.689529856345511,0.42791848909435953,59.40703806775235,36.42617167758794,59.45945945945946,14.063636363636364,8.362162162162162,10.81081081081081,0.42791848909435953,HIGGINS,,,,,,,0.0,28.671032011922364,51.5022296681367,42.03199855373768,59.51917421668518,33.44180371609419,50.0,50.0,33.97754174330848,117
Jonnu Smith,PIT,TE,76,54,308.0,4,5.31275,3.523874808990937,3.7402740740740748,4.404101754385964,4.656776949997066,-0.2526751956111015,72.74074074074073,9.675797928414113,71.05263157894737,5.703703703703703,4.052631578947368,5.263157894736842,-0.2526751956111015,SMITH,,,,,,,56.74617969276676,16.200457672258207,0.0,70.18130610807955,0.0,29.307751492369604,50.0,50.0,33.86843182685507,118
Dontayvion Wicks,GB,WR,67,44,508.0,4,5.764746054817276,1.920972602268721,13.254572334368529,1.2260416666666678,1.448547526698879,-0.22250586003221118,66.89958592132504,23.581925413350135,65.67164179104478,11.545454545454545,7.582089552238806,5.970149253731343,-0.22250586003221118,WICKS,,,,,,,2.294724024543121,16.753252901731496,42.17975754772174,57.11575899765386,60.582504018376724,42.07011305872086,50.0,50.0,33.69629655609976,119
Andrei Iosivas,CIN,WR,90,52,697.0,3,5.518763708513709,2.2949993659962202,10.947159277504106,3.0414823232323243,2.843295287268423,0.1981870359639005,57.26053639846743,20.43190652127677,57.77777777777777,13.403846153846153,7.7444444444444445,3.3333333333333335,0.1981870359639005,IOSIVAS,,,,,,,15.000615661865307,24.461643607646632,44.120024308720765,37.94871794871793,45.890000486832236,35.124663847367344,50.0,50.0,33.65354143110082,120
Van Jefferson,TEN,WR,78,38,496.0,2,5.962858095238095,2.4230736278956124,15.043131501831501,1.8803735632183902,1.64172719450669,0.2386463687116999,39.55860805860806,35.46106509757359,48.717948717948715,13.052631578947368,6.358974358974359,2.564102564102564,0.2386463687116999,JEFFERSON,,,,,,,19.351367669572653,25.202983305770626,27.56258326905547,15.950604579367115,71.97119396539303,47.66391739296492,50.0,50.0,33.012036755997244,121
Mark Andrews,BAL,TE,111,76,669.0,8,4.415702380952381,2.8925803372494014,7.549141369047619,2.306060267857143,2.3747196664036094,-0.06865939854646674,66.17559523809524,20.052496022884633,68.46846846846847,8.802631578947368,6.027027027027027,7.207207207207207,-0.06865939854646674,ANDREWS,,,,,,,35.30076474638502,19.572194331789788,23.59555544605682,63.906716080629124,24.253046508556373,3.9791099378578227,50.0,50.0,32.88000307720144,122
Darnell Mooney,ATL,WR,121,51,686.0,1,6.367732458513708,3.1218038354419226,14.104592487373736,3.0678515625,3.596423795189886,-0.5285722326898863,41.12779581529581,33.950832381762595,42.14876033057851,13.450980392156863,5.669421487603306,0.8264462809917356,-0.5285722326898863,MOONEY,,,,,,,43.08761106651631,11.145173457458236,19.321892162697672,0.0,65.99502609055585,59.095771627087586,50.0,50.0,32.71085382060331,123
Tyler Lockett,LV,WR,71,42,402.0,1,6.232106918238993,3.2527965840625837,7.079287878787879,2.8359374999999996,3.972768379283807,-1.1368308792838073,60.37878787878788,15.917096230817972,59.154929577464785,9.571428571428571,5.661971830985915,1.4084507042253522,-1.1368308792838073,LOCKETT,,,,,,,47.53750564802199,0.0,19.232862993824387,41.292571482406125,21.261244046308565,55.266308594899435,50.0,50.0,32.25864407657411,124
Adonai Mitchell,NYJ,WR,129,57,754.0,4,5.8969528903903905,2.7860094082776685,14.980967932217933,2.677267992424243,2.8752124609716563,-0.1979444685474135,40.39575289575289,50.879712355551334,44.18604651162791,13.228070175438596,5.844961240310077,3.10077519379845,-0.1979444685474135,MITCHELL,,,,,,,31.680492598720946,17.20329330804135,21.419728222848786,4.946721630240338,71.57536606480815,45.80304705038885,50.0,50.0,31.744114583036538,125
Xavier Legette,CAR,WR,103,55,568.0,5,7.048658045977011,2.51271091177283,10.510562026515151,1.8936547619047637,2.812996899863787,-0.9193421379590235,50.31047077922077,28.99947237136806,53.398058252427184,10.327272727272728,5.514563106796117,4.854368932038835,-0.9193421379590235,LEGETTE,,,,,,,22.39639472661391,3.9850641839329763,17.471214521510568,27.314348800207807,43.109957861635834,78.32208666760255,50.0,50.0,29.392828634788383,126
Elic Ayomanor,TEN,WR,166,75,923.0,7,6.010672933492211,2.6363326070960658,11.969805829937853,3.0135787992495304,3.1249738812266723,-0.11139508197714164,45.41177923200395,35.39199451657616,45.18072289156627,12.306666666666667,5.5602409638554215,4.216867469879518,-0.11139508197714164,AYOMANOR,,,,,,,26.59589063740242,18.789144871950583,18.01710030642168,7.361889027682647,52.40172496479486,49.01399611053762,50.0,50.0,29.05404482206413,127
Davante Adams,LAR,WR,228,120,1578.0,28,5.244292743326814,2.202590205158969,13.11700300927143,1.8500444444444437,2.6326127718993555,-0.65042229570888,54.52605094710358,36.872297631064754,52.63157894736842,13.15,6.921052631578948,12.280701754385964,-0.65042229570888,ADAMS,,,,,,,11.861426443979765,8.91250468118428,34.279854147675486,25.453265270198894,59.70652830661231,27.37482253825095,50.0,50.0,27.82530590128721,128
Jerry Jeudy,CLE,WR,191,89,1088.0,4,5.638534333721833,2.3615572088411754,11.898278591778592,3.6314833333333336,3.4790918561385866,0.15239147719474685,45.75697756122284,38.43585677685352,46.596858638743456,12.224719101123595,5.696335078534031,2.094240837696335,0.15239147719474685,JEUDY,,,,,,,17.26162161334862,23.62252779906498,19.643530428059393,10.800399236547655,51.94627369822161,38.5064544794824,50.0,50.0,27.67533695190925,129
Mike Evans,TB,WR,118,58,702.0,6,5.499101565357326,1.975563463627162,13.151261736855057,1.4390476190476185,2.1106214536098813,-0.6715738345622627,49.88554072655455,39.328896588551196,49.152542372881356,12.10344827586207,5.9491525423728815,5.084745762711865,-0.6715738345622627,EVANS,,,,,,,4.149205136792556,8.524943286482895,22.664895014137176,17.005838671277136,59.92467151010648,34.56949223147224,50.0,50.0,23.815834730576313,130
Christian Kirk,HOU,WR,84,45,382.0,2,5.489459671465486,2.633285376555888,6.969842948717948,4.512694444444445,5.139335982525887,-0.6266415380814422,54.113247863247864,15.644793701548748,53.57142857142857,8.488888888888889,4.5476190476190474,2.380952380952381,-0.6266415380814422,KIRK,,,,,,,26.492374566382317,9.34824146880205,5.915483786951428,27.735308170090768,20.564351040187127,34.29724796137169,50.0,50.0,23.80413344007144,131
